frequency,normalized
0.0,0.074
1.0,0.068
2.0,0.028
3.0,0.046
4.0,0.072
5.0,0.065
6.0,0.051
7.0,0.018
8.0,0.028
9.0,0.011
10.0,0.02
11.0,0.012
12.0,0.039
13.0,0.063
14.0,0.086
15.0,0.065
16.0,0.029
17.0,0.025
18.0,0.052
19.0,0.033
20.0,0.027
21.0,0.016
22.0,0.109
23.0,0.026
24.0,0.009
25.0,0.029
26.0,0.066
27.0,0.09
28.0,0.023
29.0,0.098
30.0,0.07
31.0,0.029
32.0,0.007
33.0,0.024
34.0,0.059
35.0,0.039
36.0,0.061
37.0,0.047
38.0,0.021
39.0,0.054
40.0,0.046
41.0,0.036
42.0,0.039
43.0,0.022
44.0,0.034
45.0,0.034
46.0,0.064
47.0,0.077
48.0,0.02
49.0,0.009
50.0,0.033
51.0,0.043
52.0,0.013
53.0,0.038
54.0,0.074
55.0,0.024
56.0,0.039
57.0,0.056
58.0,0.042
59.0,0.078
60.0,0.042
61.0,0.029
62.0,0.046
63.0,0.048
64.0,0.061
65.0,0.021
66.0,0.045
67.0,0.029
68.0,0.056
69.0,0.045
70.0,0.038
71.0,0.073
72.0,0.051
73.0,0.033
74.0,0.055
75.0,0.045
76.0,0.041
77.0,0.02
78.0,0.006
79.0,0.024
80.0,0.109
81.0,0.019
82.0,0.052
83.0,0.052
84.0,0.014
85.0,0.043
86.0,0.094
87.0,0.06
88.0,0.038
89.0,0.04
90.0,0.045
91.0,0.086
92.0,0.057
93.0,0.019
94.0,0.052
95.0,0.04
96.0,0.084
97.0,0.049
98.0,0.055
99.0,0.06
100.0,0.002
101.0,0.027
102.0,0.053
103.0,0.096
104.0,0.059
105.0,0.07
106.0,0.017
107.0,0.011
108.0,0.032
109.0,0.035
110.0,0.02
111.0,0.013
112.0,0.068
113.0,0.055
114.0,0.051
115.0,0.037
116.0,0.038
117.0,0.072
118.0,0.027
119.0,0.051
120.0,0.043
121.0,0.065
122.0,0.014
123.0,0.037
124.0,0.054
125.0,0.05
126.0,0.024
127.0,0.032
128.0,0.051
129.0,0.066
130.0,0.08
131.0,0.032
132.0,0.031
133.0,0.054
134.0,0.035
135.0,0.054
136.0,0.046
137.0,0.14
138.0,0.068
139.0,0.027
140.0,0.081
141.0,0.064
142.0,0.066
143.0,0.053
144.0,0.031
145.0,0.045
146.0,0.006
147.0,0.043
148.0,0.025
149.0,0.023
150.0,0.018
151.0,0.03
152.0,0.075
153.0,0.063
154.0,0.044
155.0,0.052
156.0,0.047
157.0,0.077
158.0,0.013
159.0,0.059
160.0,0.026
161.0,0.026
162.0,0.111
163.0,0.021
164.0,0.115
165.0,0.038
166.0,0.056
167.0,0.058
168.0,0.033
169.0,0.041
170.0,0.007
171.0,0.042
172.0,0.029
173.0,0.059
174.0,0.041
175.0,0.082
176.0,0.038
177.0,0.039
178.0,0.014
179.0,0.044
180.0,0.026
181.0,0.034
182.0,0.061
183.0,0.019
184.0,0.042
185.0,0.044
186.0,0.037
187.0,0.049
188.0,0.043
189.0,0.055
190.0,0.012
191.0,0.045
192.0,0.043
193.0,0.038
194.0,0.046
195.0,0.073
196.0,0.065
197.0,0.091
198.0,0.009
199.0,0.035
200.0,0.071
201.0,0.032
202.0,0.085
203.0,0.032
204.0,0.027
205.0,0.034
206.0,0.048
207.0,0.115
208.0,0.025
209.0,0.028
210.0,0.055
211.0,0.071
212.0,0.028
213.0,0.034
214.0,0.065
215.0,0.032
216.0,0.054
217.0,0.103
218.0,0.045
219.0,0.025
220.0,0.077
221.0,0.061
222.0,0.085
223.0,0.063
224.0,0.034
225.0,0.079
226.0,0.007
227.0,0.019
228.0,0.01
229.0,0.036
230.0,0.098
231.0,0.015
232.0,0.073
233.0,0.104
234.0,0.053
235.0,0.022
236.0,0.054
237.0,0.083
238.0,0.029
239.0,0.085
240.0,0.074
241.0,0.046
242.0,0.066
243.0,0.042
244.0,0.077
245.0,0.067
246.0,0.036
247.0,0.061
248.0,0.052
249.0,0.099
250.0,0.044
251.0,0.103
252.0,0.038
253.0,0.034
254.0,0.06
255.0,0.007
256.0,0.065
257.0,0.076
258.0,0.081
259.0,0.064
260.0,0.07
261.0,0.054
262.0,0.045
263.0,0.061
264.0,0.056
265.0,0.023
266.0,0.065
267.0,0.095
268.0,0.048
269.0,0.029
270.0,0.045
271.0,0.02
272.0,0.01
273.0,0.028
274.0,0.013
275.0,0.014
276.0,0.005
277.0,0.017
278.0,0.044
279.0,0.065
280.0,0.1
281.0,0.026
282.0,0.02
283.0,0.05
284.0,0.026
285.0,0.044
286.0,0.041
287.0,0.061
288.0,0.038
289.0,0.008
290.0,0.014
291.0,0.033
292.0,0.039
293.0,0.042
294.0,0.058
295.0,0.031
296.0,0.061
297.0,0.049
298.0,0.044
299.0,0.007
300.0,0.038
301.0,0.041
302.0,0.038
303.0,0.022
304.0,0.059
305.0,0.007
306.0,0.006
307.0,0.06
308.0,0.022
309.0,0.016
310.0,0.071
311.0,0.056
312.0,0.037
313.0,0.064
314.0,0.017
315.0,0.025
316.0,0.049
317.0,0.026
318.0,0.038
319.0,0.063
320.0,0.019
321.0,0.056
322.0,0.013
323.0,0.065
324.0,0.039
325.0,0.077
326.0,0.062
327.0,0.063
328.0,0.016
329.0,0.027
330.0,0.013
331.0,0.058
332.0,0.064
333.0,0.095
334.0,0.043
335.0,0.118
336.0,0.064
337.0,0.061
338.0,0.008
339.0,0.033
340.0,0.016
341.0,0.08
342.0,0.062
343.0,0.022
344.0,0.078
345.0,0.098
346.0,0.05
347.0,0.069
348.0,0.02
349.0,0.035
350.0,0.054
351.0,0.052
352.0,0.041
353.0,0.007
354.0,0.067
355.0,0.051
356.0,0.037
357.0,0.036
358.0,0.066
359.0,0.048
360.0,0.042
361.0,0.036
362.0,0.036
363.0,0.068
364.0,0.024
365.0,0.049
366.0,0.059
367.0,0.012
368.0,0.019
369.0,0.032
370.0,0.04
371.0,0.04
372.0,0.071
373.0,0.076
374.0,0.042
375.0,0.046
376.0,0.046
377.0,0.089
378.0,0.012
379.0,0.031
380.0,0.084
381.0,0.039
382.0,0.02
383.0,0.082
384.0,0.042
385.0,0.06
386.0,0.04
387.0,0.072
388.0,0.003
389.0,0.031
390.0,0.056
391.0,0.016
392.0,0.027
393.0,0.021
394.0,0.057
395.0,0.03
396.0,0.061
397.0,0.026
398.0,0.025
399.0,0.078
400.0,0.035
401.0,0.075
402.0,0.024
403.0,0.045
404.0,0.082
405.0,0.061
406.0,0.051
407.0,0.047
408.0,0.055
409.0,0.071
410.0,0.037
411.0,0.012
412.0,0.05
413.0,0.08
414.0,0.03
415.0,0.051
416.0,0.033
417.0,0.023
418.0,0.038
419.0,0.053
420.0,0.022
421.0,0.09
422.0,0.029
423.0,0.071
424.0,0.008
425.0,0.043
426.0,0.095
427.0,0.104
428.0,0.057
429.0,0.029
430.0,0.03
431.0,0.001
432.0,0.031
433.0,0.035
434.0,0.027
435.0,0.034
436.0,0.025
437.0,0.051
438.0,0.039
439.0,0.021
440.0,0.041
441.0,0.048
442.0,0.077
443.0,0.024
444.0,0.05
445.0,0.038
446.0,0.056
447.0,0.031
448.0,0.026
449.0,0.056
450.0,0.073
451.0,0.067
452.0,0.035
453.0,0.071
454.0,0.108
455.0,0.029
456.0,0.009
457.0,0.037
458.0,0.042
459.0,0.04
460.0,0.061
461.0,0.031
462.0,0.045
463.0,0.024
464.0,0.035
465.0,0.071
466.0,0.06
467.0,0.057
468.0,0.037
469.0,0.054
470.0,0.023
471.0,0.044
472.0,0.047
473.0,0.036
474.0,0.038
475.0,0.102
476.0,0.049
477.0,0.045
478.0,0.016
479.0,0.029
480.0,0.074
481.0,0.041
482.0,0.045
483.0,0.042
484.0,0.063
485.0,0.06
486.0,0.051
487.0,0.047
488.0,0.057
489.0,0.024
490.0,0.002
491.0,0.032
492.0,0.05
493.0,0.031
494.0,0.033
495.0,0.043
496.0,0.051
497.0,0.028
498.0,0.029
499.0,0.054
500.0,0.028
501.0,0.024
502.0,0.075
503.0,0.063
504.0,0.039
505.0,0.051
506.0,0.028
507.0,0.046
508.0,0.035
509.0,0.04
510.0,0.027
511.0,0.068
512.0,0.048
513.0,0.032
514.0,0.011
515.0,0.027
516.0,0.032
517.0,0.041
518.0,0.033
519.0,0.049
520.0,0.071
521.0,0.071
522.0,0.055
523.0,0.072
524.0,0.038
525.0,0.047
526.0,0.014
527.0,0.036
528.0,0.031
529.0,0.047
530.0,0.099
531.0,0.088
532.0,0.064
533.0,0.042
534.0,0.039
535.0,0.113
536.0,0.093
537.0,0.031
538.0,0.023
539.0,0.015
540.0,0.023
541.0,0.039
542.0,0.026
543.0,0.038
544.0,0.062
545.0,0.049
546.0,0.059
547.0,0.075
548.0,0.01
549.0,0.038
550.0,0.04
551.0,0.022
552.0,0.043
553.0,0.066
554.0,0.048
555.0,0.071
556.0,0.073
557.0,0.074
558.0,0.034
559.0,0.043
560.0,0.035
561.0,0.081
562.0,0.042
563.0,0.06
564.0,0.021
565.0,0.08
566.0,0.038
567.0,0.058
568.0,0.03
569.0,0.007
570.0,0.045
571.0,0.019
572.0,0.017
573.0,0.048
574.0,0.108
575.0,0.088
576.0,0.058
577.0,0.033
578.0,0.043
579.0,0.025
580.0,0.07
581.0,0.08
582.0,0.097
583.0,0.037
584.0,0.047
585.0,0.083
586.0,0.044
587.0,0.039
588.0,0.034
589.0,0.013
590.0,0.053
591.0,0.033
592.0,0.072
593.0,0.069
594.0,0.04
595.0,0.027
596.0,0.066
597.0,0.027
598.0,0.083
599.0,0.006
600.0,0.004
601.0,0.029
602.0,0.08
603.0,0.03
604.0,0.03
605.0,0.081
606.0,0.047
607.0,0.04
608.0,0.047
609.0,0.074
610.0,0.024
611.0,0.059
612.0,0.012
613.0,0.064
614.0,0.097
615.0,0.028
616.0,0.07
617.0,0.1
618.0,0.02
619.0,0.048
620.0,0.018
621.0,0.042
622.0,0.01
623.0,0.064
624.0,0.023
625.0,0.057
626.0,0.059
627.0,0.074
628.0,0.046
629.0,0.005
630.0,0.023
631.0,0.057
632.0,0.015
633.0,0.019
634.0,0.084
635.0,0.026
636.0,0.018
637.0,0.066
638.0,0.04
639.0,0.034
640.0,0.069
641.0,0.025
642.0,0.004
643.0,0.04
644.0,0.071
645.0,0.042
646.0,0.032
647.0,0.042
648.0,0.04
649.0,0.052
650.0,0.095
651.0,0.04
652.0,0.06
653.0,0.081
654.0,0.047
655.0,0.049
656.0,0.097
657.0,0.054
658.0,0.058
659.0,0.091
660.0,0.043
661.0,0.025
662.0,0.02
663.0,0.03
664.0,0.057
665.0,0.05
666.0,0.036
667.0,0.047
668.0,0.028
669.0,0.066
670.0,0.047
671.0,0.058
672.0,0.066
673.0,0.019
674.0,0.065
675.0,0.029
676.0,0.024
677.0,0.013
678.0,0.071
679.0,0.03
680.0,0.064
681.0,0.04
682.0,0.055
683.0,0.044
684.0,0.034
685.0,0.025
686.0,0.072
687.0,0.039
688.0,0.016
689.0,0.08
690.0,0.03
691.0,0.066
692.0,0.047
693.0,0.027
694.0,0.077
695.0,0.052
696.0,0.011
697.0,0.097
698.0,0.058
699.0,0.057
700.0,0.039
701.0,0.023
702.0,0.035
703.0,0.075
704.0,0.027
705.0,0.007
706.0,0.018
707.0,0.053
708.0,0.022
709.0,0.074
710.0,0.047
711.0,0.026
712.0,0.053
713.0,0.038
714.0,0.037
715.0,0.038
716.0,0.042
717.0,0.054
718.0,0.083
719.0,0.051
720.0,0.042
721.0,0.051
722.0,0.03
723.0,0.032
724.0,0.093
725.0,0.031
726.0,0.026
727.0,0.069
728.0,0.024
729.0,0.088
730.0,0.038
731.0,0.095
732.0,0.036
733.0,0.084
734.0,0.048
735.0,0.043
736.0,0.099
737.0,0.062
738.0,0.019
739.0,0.026
740.0,0.042
741.0,0.046
742.0,0.095
743.0,0.067
744.0,0.055
745.0,0.07
746.0,0.041
747.0,0.074
748.0,0.053
749.0,0.058
750.0,0.044
751.0,0.023
752.0,0.011
753.0,0.056
754.0,0.084
755.0,0.043
756.0,0.027
757.0,0.047
758.0,0.033
759.0,0.117
760.0,0.022
761.0,0.015
762.0,0.054
763.0,0.035
764.0,0.046
765.0,0.045
766.0,0.051
767.0,0.045
768.0,0.019
769.0,0.037
770.0,0.028
771.0,0.16
772.0,0.089
773.0,0.054
774.0,0.029
775.0,0.026
776.0,0.001
777.0,0.063
778.0,0.063
779.0,0.019
780.0,0.039
781.0,0.032
782.0,0.023
783.0,0.069
784.0,0.008
785.0,0.022
786.0,0.069
787.0,0.024
788.0,0.023
789.0,0.054
790.0,0.039
791.0,0.037
792.0,0.062
793.0,0.049
794.0,0.087
795.0,0.034
796.0,0.047
797.0,0.025
798.0,0.045
799.0,0.024
800.0,0.029
801.0,0.031
802.0,0.041
803.0,0.011
804.0,0.042
805.0,0.094
806.0,0.011
807.0,0.006
808.0,0.066
809.0,0.058
810.0,0.078
811.0,0.026
812.0,0.016
813.0,0.047
814.0,0.039
815.0,0.049
816.0,0.004
817.0,0.044
818.0,0.017
819.0,0.026
820.0,0.014
821.0,0.055
822.0,0.014
823.0,0.035
824.0,0.047
825.0,0.009
826.0,0.011
827.0,0.004
828.0,0.036
829.0,0.028
830.0,0.052
831.0,0.044
832.0,0.052
833.0,0.068
834.0,0.027
835.0,0.054
836.0,0.038
837.0,0.048
838.0,0.027
839.0,0.041
840.0,0.053
841.0,0.024
842.0,0.094
843.0,0.033
844.0,0.028
845.0,0.081
846.0,0.038
847.0,0.039
848.0,0.061
849.0,0.057
850.0,0.042
851.0,0.027
852.0,0.047
853.0,0.027
854.0,0.065
855.0,0.05
856.0,0.02
857.0,0.061
858.0,0.047
859.0,0.067
860.0,0.077
861.0,0.045
862.0,0.067
863.0,0.052
864.0,0.056
865.0,0.026
866.0,0.034
867.0,0.048
868.0,0.147
869.0,0.064
870.0,0.049
871.0,0.021
872.0,0.044
873.0,0.083
874.0,0.054
875.0,0.039
876.0,0.058
877.0,0.024
878.0,0.051
879.0,0.042
880.0,0.053
881.0,0.043
882.0,0.027
883.0,0.037
884.0,0.083
885.0,0.04
886.0,0.024
887.0,0.048
888.0,0.044
889.0,0.035
890.0,0.057
891.0,0.033
892.0,0.008
893.0,0.027
894.0,0.107
895.0,0.017
896.0,0.016
897.0,0.051
898.0,0.031
899.0,0.034
900.0,1.0
901.0,0.011
902.0,0.128
903.0,0.069
904.0,0.071
905.0,0.04
906.0,0.084
907.0,0.006
908.0,0.039
909.0,0.02
910.0,0.076
911.0,0.024
912.0,0.044
913.0,0.04
914.0,0.023
915.0,0.069
916.0,0.056
917.0,0.068
918.0,0.037
919.0,0.016
920.0,0.038
921.0,0.073
922.0,0.038
923.0,0.023
924.0,0.023
925.0,0.044
926.0,0.036
927.0,0.046
928.0,0.052
929.0,0.063
930.0,0.063
931.0,0.057
932.0,0.094
933.0,0.05
934.0,0.05
935.0,0.091
936.0,0.031
937.0,0.02
938.0,0.057
939.0,0.033
940.0,0.015
941.0,0.027
942.0,0.091
943.0,0.06
944.0,0.061
945.0,0.036
946.0,0.061
947.0,0.03
948.0,0.056
949.0,0.081
950.0,0.01
951.0,0.039
952.0,0.073
953.0,0.027
954.0,0.118
955.0,0.022
956.0,0.042
957.0,0.069
958.0,0.019
959.0,0.051
960.0,0.019
961.0,0.056
962.0,0.04
963.0,0.05
964.0,0.049
965.0,0.05
966.0,0.022
967.0,0.05
968.0,0.095
969.0,0.049
970.0,0.014
971.0,0.042
972.0,0.128
973.0,0.058
974.0,0.043
975.0,0.034
976.0,0.037
977.0,0.073
978.0,0.092
979.0,0.057
980.0,0.084
981.0,0.026
982.0,0.007
983.0,0.027
984.0,0.01
985.0,0.016
986.0,0.063
987.0,0.021
988.0,0.066
989.0,0.02
990.0,0.074
991.0,0.024
992.0,0.047
993.0,0.032
994.0,0.024
995.0,0.042
996.0,0.071
997.0,0.055
998.0,0.043
999.0,0.033
1000.0,0.053
1001.0,0.039
1002.0,0.024
1003.0,0.026
1004.0,0.035
1005.0,0.105
1006.0,0.047
1007.0,0.024
1008.0,0.062
1009.0,0.048
1010.0,0.017
1011.0,0.037
1012.0,0.021
1013.0,0.034
1014.0,0.025
1015.0,0.014
1016.0,0.084
1017.0,0.045
1018.0,0.049
1019.0,0.012
1020.0,0.075
1021.0,0.024
1022.0,0.095
1023.0,0.063
1024.0,0.045
1025.0,0.063
1026.0,0.095
1027.0,0.024
1028.0,0.075
1029.0,0.012
1030.0,0.049
1031.0,0.045
1032.0,0.084
1033.0,0.014
1034.0,0.025
1035.0,0.034
1036.0,0.021
1037.0,0.037
1038.0,0.017
1039.0,0.048
1040.0,0.062
1041.0,0.024
1042.0,0.047
1043.0,0.105
1044.0,0.035
1045.0,0.026
1046.0,0.024
1047.0,0.039
1048.0,0.053
1049.0,0.033
1050.0,0.043
1051.0,0.055
1052.0,0.071
1053.0,0.042
1054.0,0.024
1055.0,0.032
1056.0,0.047
1057.0,0.024
1058.0,0.074
1059.0,0.02
1060.0,0.066
1061.0,0.021
1062.0,0.063
1063.0,0.016
1064.0,0.01
1065.0,0.027
1066.0,0.007
1067.0,0.026
1068.0,0.084
1069.0,0.057
1070.0,0.092
1071.0,0.073
1072.0,0.037
1073.0,0.034
1074.0,0.043
1075.0,0.058
1076.0,0.128
1077.0,0.042
1078.0,0.014
1079.0,0.049
1080.0,0.095
1081.0,0.05
1082.0,0.022
1083.0,0.05
1084.0,0.049
1085.0,0.05
1086.0,0.04
1087.0,0.056
1088.0,0.019
1089.0,0.051
1090.0,0.019
1091.0,0.069
1092.0,0.042
1093.0,0.022
1094.0,0.118
1095.0,0.027
1096.0,0.073
1097.0,0.039
1098.0,0.01
1099.0,0.081
1100.0,0.056
1101.0,0.03
1102.0,0.061
1103.0,0.036
1104.0,0.061
1105.0,0.06
1106.0,0.091
1107.0,0.027
1108.0,0.015
1109.0,0.033
1110.0,0.057
1111.0,0.02
1112.0,0.031
1113.0,0.091
1114.0,0.05
1115.0,0.05
1116.0,0.094
1117.0,0.057
1118.0,0.063
1119.0,0.063
1120.0,0.052
1121.0,0.046
1122.0,0.036
1123.0,0.044
1124.0,0.023
1125.0,0.023
1126.0,0.038
1127.0,0.073
1128.0,0.038
1129.0,0.016
1130.0,0.037
1131.0,0.068
1132.0,0.056
1133.0,0.069
1134.0,0.023
1135.0,0.04
1136.0,0.044
1137.0,0.024
1138.0,0.076
1139.0,0.02
1140.0,0.039
1141.0,0.006
1142.0,0.084
1143.0,0.04
1144.0,0.071
1145.0,0.069
1146.0,0.128
1147.0,0.011
1148.0,0.071
1149.0,0.034
1150.0,0.031
1151.0,0.051
1152.0,0.016
1153.0,0.017
1154.0,0.107
1155.0,0.027
1156.0,0.008
1157.0,0.033
1158.0,0.057
1159.0,0.035
1160.0,0.044
1161.0,0.048
1162.0,0.024
1163.0,0.04
1164.0,0.083
1165.0,0.037
1166.0,0.027
1167.0,0.043
1168.0,0.053
1169.0,0.042
1170.0,0.051
1171.0,0.024
1172.0,0.058
1173.0,0.039
1174.0,0.054
1175.0,0.083
1176.0,0.044
1177.0,0.021
1178.0,0.049
1179.0,0.064
1180.0,0.147
1181.0,0.048
1182.0,0.034
1183.0,0.026
1184.0,0.056
1185.0,0.052
1186.0,0.067
1187.0,0.045
1188.0,0.077
1189.0,0.067
1190.0,0.047
1191.0,0.061
1192.0,0.02
1193.0,0.05
1194.0,0.065
1195.0,0.027
1196.0,0.047
1197.0,0.027
1198.0,0.042
1199.0,0.057
1200.0,0.061
1201.0,0.039
1202.0,0.038
1203.0,0.081
1204.0,0.028
1205.0,0.033
1206.0,0.094
1207.0,0.024
1208.0,0.053
1209.0,0.041
1210.0,0.027
1211.0,0.048
1212.0,0.038
1213.0,0.054
1214.0,0.027
1215.0,0.068
1216.0,0.052
1217.0,0.044
1218.0,0.052
1219.0,0.028
1220.0,0.036
1221.0,0.004
1222.0,0.011
1223.0,0.009
1224.0,0.047
1225.0,0.035
1226.0,0.014
1227.0,0.055
1228.0,0.014
1229.0,0.026
1230.0,0.017
1231.0,0.044
1232.0,0.004
1233.0,0.049
1234.0,0.039
1235.0,0.047
1236.0,0.016
1237.0,0.026
1238.0,0.078
1239.0,0.058
1240.0,0.066
1241.0,0.006
1242.0,0.011
1243.0,0.094
1244.0,0.042
1245.0,0.011
1246.0,0.041
1247.0,0.031
1248.0,0.029
1249.0,0.024
1250.0,0.045
1251.0,0.025
1252.0,0.047
1253.0,0.034
1254.0,0.087
1255.0,0.049
1256.0,0.062
1257.0,0.037
1258.0,0.039
1259.0,0.054
1260.0,0.023
1261.0,0.024
1262.0,0.069
1263.0,0.022
1264.0,0.008
1265.0,0.069
1266.0,0.023
1267.0,0.032
1268.0,0.039
1269.0,0.019
1270.0,0.063
1271.0,0.063
1272.0,0.001
1273.0,0.026
1274.0,0.029
1275.0,0.054
1276.0,0.089
1277.0,0.16
1278.0,0.028
1279.0,0.037
1280.0,0.019
1281.0,0.045
1282.0,0.051
1283.0,0.045
1284.0,0.046
1285.0,0.035
1286.0,0.054
1287.0,0.015
1288.0,0.022
1289.0,0.117
1290.0,0.033
1291.0,0.047
1292.0,0.027
1293.0,0.043
1294.0,0.084
1295.0,0.056
1296.0,0.011
1297.0,0.023
1298.0,0.044
1299.0,0.058
1300.0,0.053
1301.0,0.074
1302.0,0.041
1303.0,0.07
1304.0,0.055
1305.0,0.067
1306.0,0.095
1307.0,0.046
1308.0,0.042
1309.0,0.026
1310.0,0.019
1311.0,0.062
1312.0,0.099
1313.0,0.043
1314.0,0.048
1315.0,0.084
1316.0,0.036
1317.0,0.095
1318.0,0.038
1319.0,0.088
1320.0,0.024
1321.0,0.069
1322.0,0.026
1323.0,0.031
1324.0,0.093
1325.0,0.032
1326.0,0.03
1327.0,0.051
1328.0,0.042
1329.0,0.051
1330.0,0.083
1331.0,0.054
1332.0,0.042
1333.0,0.038
1334.0,0.037
1335.0,0.038
1336.0,0.053
1337.0,0.026
1338.0,0.047
1339.0,0.074
1340.0,0.022
1341.0,0.053
1342.0,0.018
1343.0,0.007
1344.0,0.027
1345.0,0.075
1346.0,0.035
1347.0,0.023
1348.0,0.039
1349.0,0.057
1350.0,0.058
1351.0,0.097
1352.0,0.011
1353.0,0.052
1354.0,0.077
1355.0,0.027
1356.0,0.047
1357.0,0.066
1358.0,0.03
1359.0,0.08
1360.0,0.016
1361.0,0.039
1362.0,0.072
1363.0,0.025
1364.0,0.034
1365.0,0.044
1366.0,0.055
1367.0,0.04
1368.0,0.064
1369.0,0.03
1370.0,0.071
1371.0,0.013
1372.0,0.024
1373.0,0.029
1374.0,0.065
1375.0,0.019
1376.0,0.066
1377.0,0.058
1378.0,0.047
1379.0,0.066
1380.0,0.028
1381.0,0.047
1382.0,0.036
1383.0,0.05
1384.0,0.057
1385.0,0.03
1386.0,0.02
1387.0,0.025
1388.0,0.043
1389.0,0.091
1390.0,0.058
1391.0,0.054
1392.0,0.097
1393.0,0.049
1394.0,0.047
1395.0,0.081
1396.0,0.06
1397.0,0.04
1398.0,0.095
1399.0,0.052
1400.0,0.04
1401.0,0.042
1402.0,0.032
1403.0,0.042
1404.0,0.071
1405.0,0.04
1406.0,0.004
1407.0,0.025
1408.0,0.069
1409.0,0.034
1410.0,0.04
1411.0,0.066
1412.0,0.018
1413.0,0.026
1414.0,0.084
1415.0,0.019
1416.0,0.015
1417.0,0.057
1418.0,0.023
1419.0,0.005
1420.0,0.046
1421.0,0.074
1422.0,0.059
1423.0,0.057
1424.0,0.023
1425.0,0.064
1426.0,0.01
1427.0,0.042
1428.0,0.018
1429.0,0.048
1430.0,0.02
1431.0,0.1
1432.0,0.07
1433.0,0.028
1434.0,0.097
1435.0,0.064
1436.0,0.012
1437.0,0.059
1438.0,0.024
1439.0,0.074
1440.0,0.047
1441.0,0.04
1442.0,0.047
1443.0,0.081
1444.0,0.03
1445.0,0.03
1446.0,0.08
1447.0,0.029
1448.0,0.004
1449.0,0.006
1450.0,0.083
1451.0,0.027
1452.0,0.066
1453.0,0.027
1454.0,0.04
1455.0,0.069
1456.0,0.072
1457.0,0.033
1458.0,0.053
1459.0,0.013
1460.0,0.034
1461.0,0.039
1462.0,0.044
1463.0,0.083
1464.0,0.047
1465.0,0.037
1466.0,0.097
1467.0,0.08
1468.0,0.07
1469.0,0.025
1470.0,0.043
1471.0,0.033
1472.0,0.058
1473.0,0.088
1474.0,0.108
1475.0,0.048
1476.0,0.017
1477.0,0.019
1478.0,0.045
1479.0,0.007
1480.0,0.03
1481.0,0.058
1482.0,0.038
1483.0,0.08
1484.0,0.021
1485.0,0.06
1486.0,0.042
1487.0,0.081
1488.0,0.035
1489.0,0.043
1490.0,0.034
1491.0,0.074
1492.0,0.073
1493.0,0.071
1494.0,0.048
1495.0,0.066
1496.0,0.043
1497.0,0.022
1498.0,0.04
1499.0,0.038
1500.0,0.01
1501.0,0.075
1502.0,0.059
1503.0,0.049
1504.0,0.062
1505.0,0.038
1506.0,0.026
1507.0,0.039
1508.0,0.023
1509.0,0.015
1510.0,0.023
1511.0,0.031
1512.0,0.093
1513.0,0.113
1514.0,0.039
1515.0,0.042
1516.0,0.064
1517.0,0.088
1518.0,0.099
1519.0,0.047
1520.0,0.031
1521.0,0.036
1522.0,0.014
1523.0,0.047
1524.0,0.038
1525.0,0.072
1526.0,0.055
1527.0,0.071
1528.0,0.071
1529.0,0.049
1530.0,0.033
1531.0,0.041
1532.0,0.032
1533.0,0.027
1534.0,0.011
1535.0,0.032
1536.0,0.048
1537.0,0.068
1538.0,0.027
1539.0,0.04
1540.0,0.035
1541.0,0.046
1542.0,0.028
1543.0,0.051
1544.0,0.039
1545.0,0.063
1546.0,0.075
1547.0,0.024
1548.0,0.028
1549.0,0.054
1550.0,0.029
1551.0,0.028
1552.0,0.051
1553.0,0.043
1554.0,0.033
1555.0,0.031
1556.0,0.05
1557.0,0.032
1558.0,0.002
1559.0,0.024
1560.0,0.057
1561.0,0.047
1562.0,0.051
1563.0,0.06
1564.0,0.063
1565.0,0.042
1566.0,0.045
1567.0,0.041
1568.0,0.074
1569.0,0.029
1570.0,0.016
1571.0,0.045
1572.0,0.049
1573.0,0.102
1574.0,0.038
1575.0,0.036
1576.0,0.047
1577.0,0.044
1578.0,0.023
1579.0,0.054
1580.0,0.037
1581.0,0.057
1582.0,0.06
1583.0,0.071
1584.0,0.035
1585.0,0.024
1586.0,0.045
1587.0,0.031
1588.0,0.061
1589.0,0.04
1590.0,0.042
1591.0,0.037
1592.0,0.009
1593.0,0.029
1594.0,0.108
1595.0,0.071
1596.0,0.035
1597.0,0.067
1598.0,0.073
1599.0,0.056
1600.0,0.026
1601.0,0.031
1602.0,0.056
1603.0,0.038
1604.0,0.05
1605.0,0.024
1606.0,0.077
1607.0,0.048
1608.0,0.041
1609.0,0.021
1610.0,0.039
1611.0,0.051
1612.0,0.025
1613.0,0.034
1614.0,0.027
1615.0,0.035
1616.0,0.031
1617.0,0.001
1618.0,0.03
1619.0,0.029
1620.0,0.057
1621.0,0.104
1622.0,0.095
1623.0,0.043
1624.0,0.008
1625.0,0.071
1626.0,0.029
1627.0,0.09
1628.0,0.022
1629.0,0.053
1630.0,0.038
1631.0,0.023
1632.0,0.033
1633.0,0.051
1634.0,0.03
1635.0,0.08
1636.0,0.05
1637.0,0.012
1638.0,0.037
1639.0,0.071
1640.0,0.055
1641.0,0.047
1642.0,0.051
1643.0,0.061
1644.0,0.082
1645.0,0.045
1646.0,0.024
1647.0,0.075
1648.0,0.035
1649.0,0.078
1650.0,0.025
1651.0,0.026
1652.0,0.061
1653.0,0.03
1654.0,0.057
1655.0,0.021
1656.0,0.027
1657.0,0.016
1658.0,0.056
1659.0,0.031
1660.0,0.003
1661.0,0.072
1662.0,0.04
1663.0,0.06
1664.0,0.042
1665.0,0.082
1666.0,0.02
1667.0,0.039
1668.0,0.084
1669.0,0.031
1670.0,0.012
1671.0,0.089
1672.0,0.046
1673.0,0.046
1674.0,0.042
1675.0,0.076
1676.0,0.071
1677.0,0.04
1678.0,0.04
1679.0,0.032
1680.0,0.019
1681.0,0.012
1682.0,0.059
1683.0,0.049
1684.0,0.024
1685.0,0.068
1686.0,0.036
1687.0,0.036
1688.0,0.042
1689.0,0.048
1690.0,0.066
1691.0,0.036
1692.0,0.037
1693.0,0.051
1694.0,0.067
1695.0,0.007
1696.0,0.041
1697.0,0.052
1698.0,0.054
1699.0,0.035
1700.0,0.02
1701.0,0.069
1702.0,0.05
1703.0,0.098
1704.0,0.078
1705.0,0.022
1706.0,0.062
1707.0,0.08
1708.0,0.016
1709.0,0.033
1710.0,0.008
1711.0,0.061
1712.0,0.064
1713.0,0.118
1714.0,0.043
1715.0,0.095
1716.0,0.064
1717.0,0.058
1718.0,0.013
1719.0,0.027
1720.0,0.016
1721.0,0.063
1722.0,0.062
1723.0,0.077
1724.0,0.039
1725.0,0.065
1726.0,0.013
1727.0,0.056
1728.0,0.019
1729.0,0.063
1730.0,0.038
1731.0,0.026
1732.0,0.049
1733.0,0.025
1734.0,0.017
1735.0,0.064
1736.0,0.037
1737.0,0.056
1738.0,0.071
1739.0,0.016
1740.0,0.022
1741.0,0.06
1742.0,0.006
1743.0,0.007
1744.0,0.059
1745.0,0.022
1746.0,0.038
1747.0,0.041
1748.0,0.038
1749.0,0.007
1750.0,0.044
1751.0,0.049
1752.0,0.061
1753.0,0.031
1754.0,0.058
1755.0,0.042
1756.0,0.039
1757.0,0.033
1758.0,0.014
1759.0,0.008
1760.0,0.038
1761.0,0.061
1762.0,0.041
1763.0,0.044
1764.0,0.026
1765.0,0.05
1766.0,0.02
1767.0,0.026
1768.0,0.1
1769.0,0.065
1770.0,0.044
1771.0,0.017
1772.0,0.005
1773.0,0.014
1774.0,0.013
1775.0,0.028
1776.0,0.01
1777.0,0.02
1778.0,0.045
1779.0,0.029
1780.0,0.048
1781.0,0.095
1782.0,0.065
1783.0,0.023
1784.0,0.056
1785.0,0.061
1786.0,0.045
1787.0,0.054
1788.0,0.07
1789.0,0.064
1790.0,0.081
1791.0,0.076
1792.0,0.065
1793.0,0.007
1794.0,0.06
1795.0,0.034
1796.0,0.038
1797.0,0.103
1798.0,0.044
1799.0,0.099
1800.0,0.052
1801.0,0.061
1802.0,0.036
1803.0,0.067
1804.0,0.077
1805.0,0.042
1806.0,0.066
1807.0,0.046
1808.0,0.074
1809.0,0.085
1810.0,0.029
1811.0,0.083
1812.0,0.054
1813.0,0.022
1814.0,0.053
1815.0,0.104
1816.0,0.073
1817.0,0.015
1818.0,0.098
1819.0,0.036
1820.0,0.01
1821.0,0.019
1822.0,0.007
1823.0,0.079
1824.0,0.034
1825.0,0.063
1826.0,0.085
1827.0,0.061
1828.0,0.077
1829.0,0.025
1830.0,0.045
1831.0,0.103
1832.0,0.054
1833.0,0.032
1834.0,0.065
1835.0,0.034
1836.0,0.028
1837.0,0.071
1838.0,0.055
1839.0,0.028
1840.0,0.025
1841.0,0.115
1842.0,0.048
1843.0,0.034
1844.0,0.027
1845.0,0.032
1846.0,0.085
1847.0,0.032
1848.0,0.071
1849.0,0.035
1850.0,0.009
1851.0,0.091
1852.0,0.065
1853.0,0.073
1854.0,0.046
1855.0,0.038
1856.0,0.043
1857.0,0.045
1858.0,0.012
1859.0,0.055
1860.0,0.043
1861.0,0.049
1862.0,0.037
1863.0,0.044
1864.0,0.042
1865.0,0.019
1866.0,0.061
1867.0,0.034
1868.0,0.026
1869.0,0.044
1870.0,0.014
1871.0,0.039
1872.0,0.038
1873.0,0.082
1874.0,0.041
1875.0,0.059
1876.0,0.029
1877.0,0.042
1878.0,0.007
1879.0,0.041
1880.0,0.033
1881.0,0.058
1882.0,0.056
1883.0,0.038
1884.0,0.115
1885.0,0.021
1886.0,0.111
1887.0,0.026
1888.0,0.026
1889.0,0.059
1890.0,0.013
1891.0,0.077
1892.0,0.047
1893.0,0.052
1894.0,0.044
1895.0,0.063
1896.0,0.075
1897.0,0.03
1898.0,0.018
1899.0,0.023
1900.0,0.025
1901.0,0.043
1902.0,0.006
1903.0,0.045
1904.0,0.031
1905.0,0.053
1906.0,0.066
1907.0,0.064
1908.0,0.081
1909.0,0.027
1910.0,0.068
1911.0,0.14
1912.0,0.046
1913.0,0.054
1914.0,0.035
1915.0,0.054
1916.0,0.031
1917.0,0.032
1918.0,0.08
1919.0,0.066
1920.0,0.051
1921.0,0.032
1922.0,0.024
1923.0,0.05
1924.0,0.054
1925.0,0.037
1926.0,0.014
1927.0,0.065
1928.0,0.043
1929.0,0.051
1930.0,0.027
1931.0,0.072
1932.0,0.038
1933.0,0.037
1934.0,0.051
1935.0,0.055
1936.0,0.068
1937.0,0.013
1938.0,0.02
1939.0,0.035
1940.0,0.032
1941.0,0.011
1942.0,0.017
1943.0,0.07
1944.0,0.059
1945.0,0.096
1946.0,0.053
1947.0,0.027
1948.0,0.002
1949.0,0.06
1950.0,0.055
1951.0,0.049
1952.0,0.084
1953.0,0.04
1954.0,0.052
1955.0,0.019
1956.0,0.057
1957.0,0.086
1958.0,0.045
1959.0,0.04
1960.0,0.038
1961.0,0.06
1962.0,0.094
1963.0,0.043
1964.0,0.014
1965.0,0.052
1966.0,0.052
1967.0,0.019
1968.0,0.109
1969.0,0.024
1970.0,0.006
1971.0,0.02
1972.0,0.041
1973.0,0.045
1974.0,0.055
1975.0,0.033
1976.0,0.051
1977.0,0.073
1978.0,0.038
1979.0,0.045
1980.0,0.056
1981.0,0.029
1982.0,0.045
1983.0,0.021
1984.0,0.061
1985.0,0.048
1986.0,0.046
1987.0,0.029
1988.0,0.042
1989.0,0.078
1990.0,0.042
1991.0,0.056
1992.0,0.039
1993.0,0.024
1994.0,0.074
1995.0,0.038
1996.0,0.013
1997.0,0.043
1998.0,0.033
1999.0,0.009
2000.0,0.02
2001.0,0.077
2002.0,0.064
2003.0,0.034
2004.0,0.034
2005.0,0.022
2006.0,0.039
2007.0,0.036
2008.0,0.046
2009.0,0.054
2010.0,0.021
2011.0,0.047
2012.0,0.061
2013.0,0.039
2014.0,0.059
2015.0,0.024
2016.0,0.007
2017.0,0.029
2018.0,0.07
2019.0,0.098
2020.0,0.023
2021.0,0.09
2022.0,0.066
2023.0,0.029
2024.0,0.009
2025.0,0.026
2026.0,0.109
2027.0,0.016
2028.0,0.027
2029.0,0.033
2030.0,0.052
2031.0,0.025
2032.0,0.029
2033.0,0.065
2034.0,0.086
2035.0,0.063
2036.0,0.039
2037.0,0.012
2038.0,0.02
2039.0,0.011
2040.0,0.028
2041.0,0.018
2042.0,0.051
2043.0,0.065
2044.0,0.072
2045.0,0.046
2046.0,0.028
2047.0,0.068
